"","Gender","Age","Income","Education","Occupation","Hazard","Restart"
"1","Female","50-59","$50,000-$74,999","College","Work for Company","No","No"
"2","Female"," 30-39","$50,000-$74,999","College","Work for Company","Refuse","No"
"3","Female","50-59","$50,000-$74,999","High School","Students","Yes","Yes and everywhere"
"4","Female","0-19","$50,000-$74,999","College","Work for Company","Yes","Yes but only some parts"
"5","Female","60-69","$50,000-$74,999","High School","Students","No","No"
"6","Female","40-49","$25,000-$49,999","Graduate","Others","No","Yes but only some parts"
"7","Female","0-19","$50,000-$74,999","Bachelor","Self-employment","Refuse","No"
"8","Female","60-69","$50,000-$74,999","High School","Students","Refuse","No"
"9","Female","40-49","$75,000-$99,999","College","Work for Company","Yes","Yes but only some parts"
"10","Female","above 69","$50,000-$74,999","College","Students","Yes","Yes and everywhere"
"11","Female","0-19","$50,000-$74,999","College","Students","Yes","Yes but only some parts"
"12","Female","40-49","$25,000-$49,999","Less than HS","Students","Yes","Yes but only some parts"
"13","Female","20-29","$50,000-$74,999","College","Work for Company","No","Yes but only some parts"
"14","Female","0-19","$50,000-$74,999","Bachelor","Self-employment","Yes","Yes and everywhere"
"15","Female","50-59","$50,000-$74,999","Bachelor","Self-employment","Yes","Yes and everywhere"
"16","Female","20-29","$50,000-$74,999","Bachelor","Self-employment","Yes","Yes and everywhere"
"17","Female","above 69","$75,000-$99,999","Bachelor","Self-employment","Yes","Yes but only some parts"
"18","Female","20-29","$25,000-$49,999","Bachelor","Self-employment","No","No"
"19","Female","20-29","$50,000-$74,999","High School","Students","No","No"
"20","Female","40-49","$50,000-$74,999","Graduate","Others","Yes","Yes and everywhere"
"21","Female","50-59","$50,000-$74,999","College","Work for Company","No","Yes but only some parts"
"22","Female","above 69","$75,000-$99,999","Bachelor","Self-employment","No","Yes but only some parts"
"23","Female","above 69","$50,000-$74,999","College","Work for Company","Yes","Yes and everywhere"
"24","Female","above 69","$75,000-$99,999","Bachelor","Self-employment","Yes","Yes and everywhere"
"25","Female"," 30-39","$50,000-$74,999","Less than HS","Students","Yes","Yes and everywhere"
"26","Female","50-59","$50,000-$74,999","College","Work for Company","Yes","Yes but only some parts"
"27","Female","20-29","$50,000-$74,999","College","Work for Company","Yes","Yes but only some parts"
"28","Female","20-29","$50,000-$74,999","Graduate","Others","Yes","Yes but only some parts"
"29","Female"," 30-39","$50,000-$74,999","Bachelor","Self-employment","No","Yes but only some parts"
"30","Female","20-29","$50,000-$74,999","College","Students","Yes","Yes but only some parts"
"31","Female","above 69","$50,000-$74,999","Graduate","Others","Yes","Yes and everywhere"
"32","Female","20-29","$50,000-$74,999","Bachelor","Self-employment","No","Yes but only some parts"
"33","Female","20-29","$75,000-$99,999","Bachelor","Self-employment","Yes","Yes and everywhere"
"34","Female","above 69","$50,000-$74,999","College","Work for Company","Yes","Yes but only some parts"
"35","Female","0-19","$50,000-$74,999","Bachelor","Others","Yes","Yes but only some parts"
"36","Female","20-29","$75,000-$99,999","College","Work for Company","Yes","Yes but only some parts"
"37","Female","60-69","$50,000-$74,999","Bachelor","Self-employment","Yes","Yes but only some parts"
"38","Female"," 30-39","$75,000-$99,999","High School","Students","Yes","Yes and everywhere"
"39","Female","50-59","$50,000-$74,999","College","Work for Company","Yes","Yes and everywhere"
"40","Female","50-59","$50,000-$74,999","College","Work for Company","Yes","Yes but only some parts"
"41","Female","20-29","$100,000-$149,999","Bachelor","Self-employment","Yes","Yes but only some parts"
"42","Female"," 30-39","$50,000-$74,999","Bachelor","Self-employment","Yes","Yes and everywhere"
"43","Female","20-29","$25,000-$49,999","Graduate","Others","Yes","Yes but only some parts"
"44","Female","20-29","$25,000-$49,999","Graduate","Others","No","Yes but only some parts"
"45","Female","60-69","$50,000-$74,999","Bachelor","Self-employment","Yes","Yes and everywhere"
"46","Female","0-19","$75,000-$99,999","Less than HS","Students","Refuse","No"
"47","Female","0-19","$25,000-$49,999","Graduate","Others","Yes","Yes and everywhere"
"48","Female","40-49","$75,000-$99,999","College","Work for Company","Refuse","No"
"49","Female","60-69","$50,000-$74,999","High School","Students","No","No"
"50","Female","60-69","$50,000-$74,999","Bachelor","Self-employment","No","Yes but only some parts"
"51","Female","0-19","$75,000-$99,999","Graduate","Others","No","Yes but only some parts"
"52","Female","60-69","$50,000-$74,999","College","Students","No","No"
"53","Female","20-29","$25,000-$49,999","High School","Students","No","Yes but only some parts"
"54","Female"," 30-39","$50,000-$74,999","College","Students","No","Yes but only some parts"
"55","Female"," 30-39","$75,000-$99,999","College","Work for Company","Yes","Yes but only some parts"
"56","Female","20-29","$50,000-$74,999","Bachelor","Self-employment","Yes","Yes and everywhere"
"57","Female"," 30-39","$75,000-$99,999","High School","Students","No","No"
"58","Female","40-49","$50,000-$74,999","Bachelor","Self-employment","Yes","Yes but only some parts"
"59","Female","above 69","$75,000-$99,999","Bachelor","Self-employment","No","Yes but only some parts"
"60","Female","40-49","$50,000-$74,999","High School","Students","No","Yes but only some parts"
"61","Female","50-59","$75,000-$99,999","Bachelor","Self-employment","No","No"
"62","Female","above 69","$75,000-$99,999","Bachelor","Others","Yes","Yes and everywhere"
"63","Female"," 30-39","$50,000-$74,999","Bachelor","Others","Yes","Yes and everywhere"
"64","Female","60-69","$50,000-$74,999","High School","Students","Yes","Yes but only some parts"
"65","Female","above 69","$50,000-$74,999","College","Work for Company","Yes","Yes and everywhere"
"66","Female","50-59","$50,000-$74,999","College","Work for Company","Yes","Yes and everywhere"
"67","Female","50-59","$50,000-$74,999","Graduate","Others","Yes","Yes and everywhere"
"68","Female","0-19","$50,000-$74,999","Less than HS","Students","Yes","Yes but only some parts"
"69","Female","above 69","$50,000-$74,999","College","Work for Company","Yes","Yes and everywhere"
"70","Female","40-49","$25,000-$49,999","High School","Students","No","No"
"71","Female","20-29","$50,000-$74,999","College","Work for Company","No","No"
"72","Female","50-59","$50,000-$74,999","College","Students","Yes","Yes but only some parts"
"73","Female","40-49","$25,000-$49,999","College","Work for Company","No","No"
"74","Female","50-59","$50,000-$74,999","High School","Students","Refuse","No"
"75","Female"," 30-39","$50,000-$74,999","Bachelor","Self-employment","Yes","Yes but only some parts"
"76","Female","20-29","$50,000-$74,999","Bachelor","Self-employment","Refuse","No"
"77","Female","20-29","$25,000-$49,999","Bachelor","Self-employment","Yes","Yes but only some parts"
"78","Female","20-29","$25,000-$49,999","College","Work for Company","Yes","Yes but only some parts"
"79","Female","above 69","$25,000-$49,999","Bachelor","Self-employment","Yes","Yes but only some parts"
"80","Female"," 30-39","$50,000-$74,999","Bachelor","Others","Yes","Yes but only some parts"
"81","Female","20-29","$50,000-$74,999","Less than HS","Students","Yes","Yes and everywhere"
"82","Female"," 30-39","$50,000-$74,999","High School","Students","No","Yes but only some parts"
"83","Female","above 69","$50,000-$74,999","Bachelor","Self-employment","Yes","Yes but only some parts"
"84","Female","above 69","$75,000-$99,999","High School","Students","Yes","Yes and everywhere"
"85","Female","50-59","$75,000-$99,999","Graduate","Others","Yes","Yes but only some parts"
"86","Female","0-19","$50,000-$74,999","Graduate","Others","Yes","Yes but only some parts"
"87","Female","above 69","$50,000-$74,999","Less than HS","Students","Yes","Yes and everywhere"
"88","Female","0-19","$50,000-$74,999","College","Work for Company","Refuse","No"
"89","Female","40-49","$50,000-$74,999","Less than HS","Students","No","Yes but only some parts"
"90","Female"," 30-39","$50,000-$74,999","High School","Students","No","Yes but only some parts"
"91","Female"," 30-39","$25,000-$49,999","Bachelor","Others","Refuse","No"
"92","Female","60-69","$50,000-$74,999","Bachelor","Self-employment","Yes","Yes and everywhere"
"93","Female"," 30-39","$50,000-$74,999","College","Work for Company","Yes","Yes and everywhere"
"94","Female","0-19","$75,000-$99,999","College","Work for Company","No","Yes but only some parts"
"95","Female","above 69","$75,000-$99,999","College","Work for Company","Refuse","No"
"96","Female","20-29","$50,000-$74,999","High School","Students","Yes","Yes and everywhere"
"97","Female","20-29","$50,000-$74,999","College","Work for Company","Yes","Yes and everywhere"
"98","Female"," 30-39","$50,000-$74,999","College","Work for Company","Yes","Yes and everywhere"
"99","Female","above 69","$25,000-$49,999","College","Work for Company","Yes","Yes and everywhere"
"100","Female","40-49","$25,000-$49,999","Bachelor","Others","No","Yes but only some parts"
"101","Female","20-29","$50,000-$74,999","College","Work for Company","Refuse","No"
"102","Female","20-29","$50,000-$74,999","Bachelor","Self-employment","Yes","Yes but only some parts"
"103","Female","20-29","$50,000-$74,999","High School","Students","No","No"
"104","Female","40-49","$50,000-$74,999","High School","Students","Yes","Yes and everywhere"
"105","Female"," 30-39","$50,000-$74,999","High School","Students","No","Yes but only some parts"
"106","Female","60-69","$50,000-$74,999","High School","Students","No","No"
"107","Female"," 30-39","$50,000-$74,999","College","Work for Company","No","Yes but only some parts"
"108","Female"," 30-39","$50,000-$74,999","College","Work for Company","No","No"
"109","Female","60-69","$50,000-$74,999","College","Work for Company","Yes","Yes but only some parts"
"110","Female","50-59","$50,000-$74,999","Bachelor","Self-employment","No","No"
"111","Female","20-29","$50,000-$74,999","High School","Students","No","Yes but only some parts"
"112","Female"," 30-39","$75,000-$99,999","Bachelor","Self-employment","No","Yes but only some parts"
"113","Female","40-49","$50,000-$74,999","Bachelor","Self-employment","No","Yes but only some parts"
"114","Female","0-19","$50,000-$74,999","High School","Students","Yes","Yes but only some parts"
"115","Female"," 30-39","$75,000-$99,999","High School","Students","No","Yes but only some parts"
"116","Female","0-19","$50,000-$74,999","Bachelor","Self-employment","No","Yes but only some parts"
"117","Female","40-49","$50,000-$74,999","Less than HS","Students","Yes","Yes but only some parts"
"118","Female","40-49","$75,000-$99,999","High School","Students","Yes","Yes and everywhere"
"119","Female","above 69","$25,000-$49,999","High School","Students","Yes","Yes but only some parts"
"120","Female","40-49","$50,000-$74,999","College","Work for Company","No","Yes but only some parts"
"121","Female","50-59","$50,000-$74,999","College","Students","No","Yes but only some parts"
"122","Female"," 30-39","$50,000-$74,999","Bachelor","Self-employment","Yes","Yes and everywhere"
"123","Female","20-29","$50,000-$74,999","College","Work for Company","Yes","Yes and everywhere"
"124","Female"," 30-39","$50,000-$74,999","Bachelor","Self-employment","No","No"
"125","Female","60-69","$50,000-$74,999","High School","Students","No","Yes but only some parts"
"126","Female"," 30-39","$25,000-$49,999","College","Students","Yes","Yes and everywhere"
"127","Female","above 69","$50,000-$74,999","Bachelor","Self-employment","Yes","Yes and everywhere"
"128","Female","40-49","$50,000-$74,999","Bachelor","Self-employment","Yes","Yes but only some parts"
"129","Female","50-59","$50,000-$74,999","Bachelor","Self-employment","Yes","Yes and everywhere"
"130","Female","60-69","$50,000-$74,999","College","Work for Company","No","No"
"131","Female","20-29","$50,000-$74,999","Bachelor","Self-employment","No","No"
"132","Female","50-59","$50,000-$74,999","College","Students","No","Yes but only some parts"
"133","Female","above 69","$50,000-$74,999","Bachelor","Others","Yes","Yes and everywhere"
"134","Female","20-29","$50,000-$74,999","Bachelor","Others","Refuse","No"
"135","Female","40-49","$50,000-$74,999","Bachelor","Self-employment","Yes","Yes and everywhere"
"136","Female"," 30-39","$50,000-$74,999","High School","Students","Yes","Yes and everywhere"
"137","Female","0-19","$50,000-$74,999","Bachelor","Self-employment","No","Yes but only some parts"
"138","Female","50-59","$50,000-$74,999","Bachelor","Others","Refuse","No"
"139","Female"," 30-39","$75,000-$99,999","High School","Students","No","No"
"140","Female","50-59","$50,000-$74,999","Bachelor","Self-employment","Yes","Yes and everywhere"
"141","Female","above 69","$25,000-$49,999","Bachelor","Self-employment","Yes","Yes and everywhere"
"142","Female","50-59","$50,000-$74,999","Bachelor","Self-employment","Yes","Yes but only some parts"
"143","Female","above 69","$50,000-$74,999","High School","Students","No","No"
"144","Female","60-69","$50,000-$74,999","College","Work for Company","Refuse","No"
"145","Female","above 69","$50,000-$74,999","High School","Students","Yes","Yes and everywhere"
"146","Female","0-19","$50,000-$74,999","Graduate","Others","Yes","Yes and everywhere"
"147","Female","20-29","$50,000-$74,999","Less than HS","Students","No","Yes but only some parts"
"148","Female","60-69","$50,000-$74,999","College","Work for Company","Yes","Yes and everywhere"
"149","Female"," 30-39","$50,000-$74,999","Bachelor","Self-employment","Yes","Yes and everywhere"
"150","Female","60-69","$75,000-$99,999","College","Work for Company","No","No"
"151","Female"," 30-39","$75,000-$99,999","Bachelor","Self-employment","No","Yes but only some parts"
"152","Female","0-19","$25,000-$49,999","Bachelor","Self-employment","No","No"
"153","Female","above 69","$50,000-$74,999","Bachelor","Work for Company","No","No"
"154","Female","50-59","$25,000-$49,999","Bachelor","Self-employment","No","No"
"155","Female","0-19","$75,000-$99,999","College","Students","No","No"
"156","Female","40-49","$50,000-$74,999","Bachelor","Self-employment","No","Yes but only some parts"
"157","Female","20-29","$25,000-$49,999","College","Work for Company","No","No"
"158","Female","above 69","$50,000-$74,999","Graduate","Others","No","Yes but only some parts"
"159","Female","60-69","$75,000-$99,999","Bachelor","Self-employment","Yes","Yes but only some parts"
"160","Female","20-29","$25,000-$49,999","High School","Students","Yes","Yes but only some parts"
"161","Female","above 69","$50,000-$74,999","College","Work for Company","Yes","Yes and everywhere"
"162","Female","40-49","$50,000-$74,999","Bachelor","Self-employment","No","No"
"163","Female","60-69","$75,000-$99,999","College","Work for Company","Yes","Yes but only some parts"
"164","Female"," 30-39","$25,000-$49,999","Bachelor","Self-employment","Refuse","No"
"165","Female","60-69","$75,000-$99,999","High School","Students","Yes","Yes and everywhere"
"166","Female","50-59","$50,000-$74,999","Bachelor","Self-employment","Refuse","No"
"167","Female","40-49","$50,000-$74,999","Bachelor","Others","No","No"
"168","Female","above 69","$50,000-$74,999","High School","Students","Yes","Yes and everywhere"
"169","Female","40-49","$75,000-$99,999","Bachelor","Self-employment","Yes","Yes and everywhere"
"170","Female","50-59","$50,000-$74,999","Bachelor","Self-employment","Yes","Yes but only some parts"
"171","Female","40-49","$25,000-$49,999","Graduate","Others","Yes","Yes and everywhere"
"172","Female","20-29","$25,000-$49,999","Graduate","Others","Refuse","No"
"173","Female"," 30-39","$50,000-$74,999","College","Work for Company","Refuse","No"
"174","Female","50-59","$50,000-$74,999","Bachelor","Others","Yes","Yes but only some parts"
"175","Female","60-69","$75,000-$99,999","College","Work for Company","Yes","Yes and everywhere"
"176","Female","40-49","$50,000-$74,999","Graduate","Others","No","Yes but only some parts"
"177","Female","above 69","$50,000-$74,999","College","Work for Company","Yes","Yes and everywhere"
"178","Female","60-69","$50,000-$74,999","Less than HS","Students","Yes","Yes and everywhere"
"179","Female","0-19","$50,000-$74,999","Graduate","Others","Yes","Yes and everywhere"
"180","Female"," 30-39","$50,000-$74,999","High School","Students","No","Yes but only some parts"
"181","Female","60-69","$50,000-$74,999","Less than HS","Students","Yes","Yes and everywhere"
"182","Female","20-29","$50,000-$74,999","College","Work for Company","No","No"
"183","Female","50-59","$50,000-$74,999","High School","Students","Yes","Yes and everywhere"
"184","Female"," 30-39","$50,000-$74,999","College","Work for Company","No","Yes but only some parts"
"185","Female"," 30-39","$50,000-$74,999","High School","Students","No","Yes but only some parts"
"186","Female","above 69","$50,000-$74,999","College","Work for Company","Refuse","No"
"187","Female","60-69","$50,000-$74,999","Bachelor","Self-employment","Yes","Yes and everywhere"
"188","Female","0-19","$50,000-$74,999","College","Work for Company","Yes","Yes but only some parts"
"189","Female"," 30-39","$50,000-$74,999","College","Work for Company","No","Yes but only some parts"
"190","Female","0-19","$50,000-$74,999","Bachelor","Self-employment","Refuse","No"
"191","Female","20-29","$50,000-$74,999","Bachelor","Self-employment","Yes","Yes but only some parts"
"192","Female","40-49","$50,000-$74,999","Bachelor","Others","No","No"
"193","Female","40-49","$50,000-$74,999","Bachelor","Self-employment","No","Yes but only some parts"
"194","Female","50-59","$25,000-$49,999","College","Work for Company","Yes","Yes and everywhere"
"195","Female","50-59","$25,000-$49,999","Bachelor","Self-employment","Yes","Yes and everywhere"
"196","Female","0-19","$75,000-$99,999","Bachelor","Self-employment","No","No"
"197","Female","20-29","$50,000-$74,999","Bachelor","Self-employment","Refuse","No"
"198","Female","50-59","$50,000-$74,999","College","Work for Company","No","No"
"199","Female","50-59","$50,000-$74,999","Bachelor","Self-employment","Yes","Yes but only some parts"
"200","Female","40-49","$75,000-$99,999","College","Work for Company","Yes","Yes but only some parts"
"201","Female"," 30-39","$25,000-$49,999","College","Work for Company","Yes","Yes and everywhere"
"202","Female","20-29","$50,000-$74,999","College","Work for Company","No","Yes but only some parts"
"203","Female","40-49","$50,000-$74,999","Graduate","Others","Refuse","No"
"204","Female","40-49","$50,000-$74,999","College","Work for Company","Yes","Yes and everywhere"
"205","Female","40-49","$50,000-$74,999","College","Work for Company","Yes","Yes and everywhere"
"206","Female","50-59","$50,000-$74,999","Less than HS","Students","Yes","Yes and everywhere"
"207","Female"," 30-39","$75,000-$99,999","College","Work for Company","Yes","Yes but only some parts"
"208","Female","50-59","$50,000-$74,999","College","Work for Company","Yes","Yes and everywhere"
"209","Female"," 30-39","$50,000-$74,999","High School","Students","Yes","Yes but only some parts"
"210","Female","0-19","$50,000-$74,999","High School","Students","Yes","Yes but only some parts"
"211","Female","60-69","$50,000-$74,999","College","Work for Company","Yes","Yes and everywhere"
"212","Female","40-49","$50,000-$74,999","Graduate","Others","Yes","Yes but only some parts"
"213","Female","0-19","$50,000-$74,999","High School","Students","No","Yes but only some parts"
"214","Female","0-19","$25,000-$49,999","Bachelor","Self-employment","No","Yes but only some parts"
"215","Female"," 30-39","$50,000-$74,999","College","Work for Company","No","No"
"216","Female","50-59","$50,000-$74,999","College","Work for Company","No","Yes but only some parts"
"217","Female","50-59","$50,000-$74,999","High School","Students","No","No"
"218","Female","20-29","$75,000-$99,999","Less than HS","Students","No","No"
"219","Female","20-29","$25,000-$49,999","College","Work for Company","No","No"
"220","Female"," 30-39","$50,000-$74,999","College","Students","No","Yes but only some parts"
"221","Female","40-49","$50,000-$74,999","College","Work for Company","Yes","Yes and everywhere"
"222","Female","20-29","$50,000-$74,999","High School","Students","No","No"
"223","Female","50-59","$25,000-$49,999","Bachelor","Self-employment","Yes","Yes and everywhere"
"224","Female","60-69","$50,000-$74,999","College","Work for Company","Yes","Yes and everywhere"
"225","Female","60-69","$50,000-$74,999","Bachelor","Self-employment","No","No"
"226","Female","40-49","$50,000-$74,999","Bachelor","Self-employment","No","Yes but only some parts"
"227","Female","40-49","$50,000-$74,999","Graduate","Others","No","Yes but only some parts"
"228","Female","40-49","$50,000-$74,999","Bachelor","Self-employment","Yes","Yes and everywhere"
"229","Female","40-49","$50,000-$74,999","High School","Students","Yes","Yes and everywhere"
"230","Female","40-49","$75,000-$99,999","Graduate","Others","Yes","Yes but only some parts"
"231","Female"," 30-39","$25,000-$49,999","College","Work for Company","No","No"
"232","Female"," 30-39","$75,000-$99,999","Bachelor","Others","Yes","Yes and everywhere"
"233","Female","20-29","$50,000-$74,999","Graduate","Others","No","No"
"234","Female","50-59","$75,000-$99,999","Bachelor","Self-employment","Refuse","No"
"235","Female","above 69","$50,000-$74,999","College","Work for Company","No","No"
"236","Female","20-29","$75,000-$99,999","Bachelor","Others","Yes","Yes but only some parts"
"237","Female","20-29","$50,000-$74,999","College","Work for Company","No","Yes but only some parts"
"238","Female","50-59","$50,000-$74,999","College","Work for Company","Yes","Yes and everywhere"
"239","Female","60-69","$75,000-$99,999","High School","Students","Yes","Yes but only some parts"
"240","Female","20-29","$50,000-$74,999","College","Work for Company","Yes","Yes and everywhere"
"241","Female"," 30-39","$50,000-$74,999","Bachelor","Self-employment","Refuse","No"
"242","Female","40-49","$100,000-$149,999","College","Work for Company","No","Yes but only some parts"
"243","Female","60-69","$50,000-$74,999","College","Work for Company","Refuse","No"
"244","Female","50-59","$50,000-$74,999","College","Work for Company","No","No"
"245","Female","50-59","$50,000-$74,999","Bachelor","Self-employment","Yes","Yes and everywhere"
"246","Female","above 69","$50,000-$74,999","College","Work for Company","Refuse","No"
"247","Female"," 30-39","$50,000-$74,999","High School","Students","Yes","Yes and everywhere"
"248","Female","40-49","$50,000-$74,999","College","Students","No","Yes but only some parts"
"249","Female","above 69","$75,000-$99,999","Bachelor","Self-employment","Yes","Yes and everywhere"
"250","Female","40-49","$25,000-$49,999","Bachelor","Self-employment","Yes","Yes and everywhere"
"251","Female","20-29","$50,000-$74,999","College","Work for Company","Yes","Yes but only some parts"
"252","Female","above 69","$25,000-$49,999","Graduate","Others","No","No"
"253","Female","60-69","$75,000-$99,999","College","Work for Company","No","Yes but only some parts"
"254","Female","40-49","$50,000-$74,999","Graduate","Others","No","Yes but only some parts"
"255","Female"," 30-39","$50,000-$74,999","Bachelor","Others","Yes","Yes and everywhere"
"256","Female","20-29","$50,000-$74,999","College","Work for Company","Yes","Yes and everywhere"
"257","Female","40-49","$50,000-$74,999","Bachelor","Self-employment","No","No"
"258","Female","50-59","$50,000-$74,999","College","Work for Company","Yes","Yes but only some parts"
"259","Female"," 30-39","$50,000-$74,999","College","Work for Company","No","No"
"260","Female","above 69","$50,000-$74,999","College","Students","No","No"
"261","Female","50-59","$50,000-$74,999","Graduate","Others","Yes","Yes but only some parts"
"262","Female","20-29","$50,000-$74,999","Bachelor","Self-employment","No","No"
"263","Female","40-49","$50,000-$74,999","College","Work for Company","No","No"
"264","Female","60-69","$75,000-$99,999","Bachelor","Self-employment","Refuse","No"
"265","Female","40-49","$75,000-$99,999","Bachelor","Self-employment","No","Yes but only some parts"
"266","Female","50-59","$50,000-$74,999","High School","Students","Refuse","No"
"267","Female","20-29","$25,000-$49,999","Bachelor","Self-employment","No","No"
"268","Female","60-69","$50,000-$74,999","Bachelor","Self-employment","Yes","Yes but only some parts"
"269","Female"," 30-39","$75,000-$99,999","Bachelor","Self-employment","Yes","Yes but only some parts"
"270","Female","60-69","$50,000-$74,999","Graduate","Others","No","No"
"271","Female","above 69","$25,000-$49,999","Bachelor","Others","No","Yes but only some parts"
"272","Female","40-49","$50,000-$74,999","College","Students","Yes","Yes and everywhere"
"273","Female"," 30-39","$50,000-$74,999","College","Work for Company","No","Yes but only some parts"
"274","Female","0-19","$50,000-$74,999","High School","Students","Refuse","No"
"275","Female","20-29","$50,000-$74,999","Bachelor","Self-employment","Yes","Yes but only some parts"
"276","Female"," 30-39","$50,000-$74,999","Bachelor","Others","No","No"
"277","Female"," 30-39","$25,000-$49,999","Less than HS","Students","Refuse","No"
"278","Female","0-19","$50,000-$74,999","Graduate","Others","Yes","Yes and everywhere"
"279","Female"," 30-39","$50,000-$74,999","Bachelor","Self-employment","Yes","Yes but only some parts"
"280","Female","above 69","$25,000-$49,999","College","Work for Company","Yes","Yes and everywhere"
"281","Female","60-69","$50,000-$74,999","Bachelor","Self-employment","Yes","Yes and everywhere"
"282","Female","0-19","$50,000-$74,999","Bachelor","Self-employment","No","No"
"283","Female"," 30-39","$50,000-$74,999","Graduate","Others","Yes","Yes and everywhere"
"284","Female","20-29","$50,000-$74,999","High School","Students","Yes","Yes and everywhere"
"285","Female","20-29","$50,000-$74,999","Bachelor","Others","No","Yes but only some parts"
"286","Female","20-29","$25,000-$49,999","Bachelor","Self-employment","Yes","Yes but only some parts"
"287","Female","40-49","$50,000-$74,999","College","Work for Company","Refuse","No"
"288","Female","20-29","$50,000-$74,999","High School","Students","Yes","Yes and everywhere"
"289","Female","40-49","$50,000-$74,999","Bachelor","Self-employment","No","No"
"290","Female","60-69","$50,000-$74,999","Bachelor","Self-employment","No","No"
"291","Female","0-19","$50,000-$74,999","High School","Students","No","No"
"292","Female","50-59","$50,000-$74,999","College","Work for Company","Yes","Yes but only some parts"
"293","Female","0-19","$50,000-$74,999","College","Work for Company","No","No"
"294","Female","above 69","$75,000-$99,999","College","Work for Company","Yes","Yes and everywhere"
"295","Female","above 69","$50,000-$74,999","Graduate","Others","No","Yes but only some parts"
"296","Female","above 69","$50,000-$74,999","College","Work for Company","Yes","Yes and everywhere"
"297","Female","50-59","$50,000-$74,999","Graduate","Others","Yes","Yes but only some parts"
"298","Female","above 69","$50,000-$74,999","Less than HS","Students","Yes","Yes but only some parts"
"299","Female","0-19","$50,000-$74,999","College","Work for Company","No","Yes but only some parts"
"300","Female"," 30-39","$50,000-$74,999","High School","Students","Yes","Yes but only some parts"
"301","Female","0-19","$50,000-$74,999","Bachelor","Others","Yes","Yes but only some parts"
"302","Female","50-59","$50,000-$74,999","Graduate","Others","No","No"
"303","Female","20-29","$50,000-$74,999","College","Work for Company","Yes","Yes but only some parts"
"304","Female","60-69","$50,000-$74,999","High School","Students","Refuse","No"
"305","Female","above 69","$50,000-$74,999","College","Work for Company","Yes","Yes and everywhere"
"306","Female","60-69","$50,000-$74,999","College","Students","No","No"
"307","Female"," 30-39","$50,000-$74,999","College","Work for Company","No","No"
"308","Female","60-69","$50,000-$74,999","College","Work for Company","Yes","Yes but only some parts"
"309","Female","40-49","$75,000-$99,999","Graduate","Others","Yes","Yes but only some parts"
"310","Female","0-19","$50,000-$74,999","High School","Students","Yes","Yes and everywhere"
"311","Female","40-49","$50,000-$74,999","Bachelor","Others","Yes","Yes and everywhere"
"312","Female","20-29","$25,000-$49,999","College","Work for Company","No","Yes but only some parts"
"313","Female","above 69","$75,000-$99,999","College","Work for Company","Yes","Yes and everywhere"
"314","Female"," 30-39","$50,000-$74,999","Graduate","Others","Yes","Yes and everywhere"
"315","Female","above 69","$25,000-$49,999","College","Work for Company","Yes","Yes and everywhere"
"316","Female","40-49","$50,000-$74,999","College","Work for Company","Yes","Yes but only some parts"
"317","Female"," 30-39","$50,000-$74,999","College","Work for Company","No","No"
"318","Female","60-69","$50,000-$74,999","Bachelor","Self-employment","Yes","Yes and everywhere"
"319","Female","above 69","$50,000-$74,999","College","Work for Company","Yes","Yes but only some parts"
"320","Female","40-49","$50,000-$74,999","High School","Students","Yes","Yes and everywhere"
"321","Female","40-49","$25,000-$49,999","College","Work for Company","Yes","Yes and everywhere"
"322","Female","50-59","$25,000-$49,999","Bachelor","Self-employment","No","Yes but only some parts"
"323","Female","20-29","$25,000-$49,999","College","Work for Company","Yes","Yes and everywhere"
"324","Female","40-49","$75,000-$99,999","Bachelor","Self-employment","Yes","Yes but only some parts"
"325","Female","60-69","$50,000-$74,999","College","Work for Company","Yes","Yes and everywhere"
"326","Female","40-49","$75,000-$99,999","College","Students","Yes","Yes and everywhere"
"327","Female","60-69","$50,000-$74,999","College","Work for Company","Yes","Yes and everywhere"
"328","Female","60-69","$50,000-$74,999","Bachelor","Self-employment","Yes","Yes and everywhere"
"329","Female","50-59","$25,000-$49,999","Bachelor","Self-employment","Yes","Yes and everywhere"
"330","Female","above 69","$50,000-$74,999","Bachelor","Self-employment","Yes","Yes but only some parts"
"331","Female"," 30-39","$75,000-$99,999","College","Students","Yes","Yes and everywhere"
"332","Female","above 69","$50,000-$74,999","Bachelor","Self-employment","Yes","Yes but only some parts"
"333","Female","50-59","$50,000-$74,999","Bachelor","Self-employment","No","Yes but only some parts"
"334","Female","above 69","$75,000-$99,999","Less than HS","Students","Yes","Yes and everywhere"
"335","Female","60-69","$50,000-$74,999","Bachelor","Self-employment","No","Yes but only some parts"
"336","Female","0-19","$75,000-$99,999","College","Work for Company","No","No"
"337","Female","40-49","$50,000-$74,999","Graduate","Others","Yes","Yes but only some parts"
"338","Female","0-19","$50,000-$74,999","Graduate","Others","No","Yes but only some parts"
"339","Female","40-49","$50,000-$74,999","High School","Students","No","No"
"340","Female","60-69","$75,000-$99,999","High School","Students","No","Yes but only some parts"
"341","Female"," 30-39","$50,000-$74,999","Less than HS","Students","No","Yes but only some parts"
"342","Female"," 30-39","$75,000-$99,999","Bachelor","Self-employment","No","No"
"343","Female","50-59","$50,000-$74,999","High School","Students","Yes","Yes and everywhere"
"344","Female","20-29","$25,000-$49,999","Graduate","Others","No","No"
"345","Female","0-19","$75,000-$99,999","Bachelor","Self-employment","Yes","Yes but only some parts"
"346","Female","above 69","$50,000-$74,999","High School","Students","No","Yes but only some parts"
"347","Female","20-29","$50,000-$74,999","Bachelor","Self-employment","No","Yes but only some parts"
"348","Female","60-69","$50,000-$74,999","Bachelor","Self-employment","No","No"
"349","Female"," 30-39","$50,000-$74,999","College","Work for Company","No","No"
"350","Female","20-29","$50,000-$74,999","College","Work for Company","No","Yes but only some parts"
"351","Female","20-29","$25,000-$49,999","Graduate","Others","Yes","Yes and everywhere"
"352","Female","above 69","$25,000-$49,999","High School","Students","Refuse","No"
"353","Female","0-19","$50,000-$74,999","Bachelor","Self-employment","Yes","Yes and everywhere"
"354","Female","50-59","$50,000-$74,999","College","Work for Company","Yes","Yes and everywhere"
"355","Female","above 69","$50,000-$74,999","College","Work for Company","No","Yes but only some parts"
"356","Female","50-59","$50,000-$74,999","High School","Students","Yes","Yes and everywhere"
"357","Female","20-29","$50,000-$74,999","Bachelor","Self-employment","Yes","Yes but only some parts"
"358","Female","20-29","$50,000-$74,999","Graduate","Others","Yes","Yes and everywhere"
"359","Female","50-59","$25,000-$49,999","Bachelor","Self-employment","No","Yes but only some parts"
"360","Female","60-69","$75,000-$99,999","College","Work for Company","Yes","Yes but only some parts"
"361","Female","60-69","$75,000-$99,999","Bachelor","Others","Yes","Yes but only some parts"
"362","Female","20-29","$25,000-$49,999","High School","Students","Yes","Yes and everywhere"
"363","Female","above 69","$50,000-$74,999","Less than HS","Students","Yes","Yes and everywhere"
"364","Female","50-59","$50,000-$74,999","Bachelor","Self-employment","No","No"
"365","Female"," 30-39","$50,000-$74,999","College","Work for Company","No","No"
"366","Female"," 30-39","$50,000-$74,999","Bachelor","Self-employment","No","No"
"367","Female","above 69","$50,000-$74,999","College","Work for Company","No","No"
"368","Female","above 69","$50,000-$74,999","College","Work for Company","Yes","Yes but only some parts"
"369","Female","40-49","$50,000-$74,999","Bachelor","Self-employment","Yes","Yes and everywhere"
"370","Female","20-29","$50,000-$74,999","Less than HS","Students","Yes","Yes and everywhere"
"371","Female"," 30-39","$50,000-$74,999","Bachelor","Self-employment","No","Yes but only some parts"
"372","Female","60-69","$50,000-$74,999","Bachelor","Self-employment","Yes","Yes and everywhere"
"373","Female","0-19","$75,000-$99,999","Less than HS","Students","Yes","Yes but only some parts"
"374","Female","20-29","$50,000-$74,999","College","Work for Company","No","No"
"375","Female","0-19","$50,000-$74,999","Bachelor","Others","Yes","Yes and everywhere"
"376","Female","60-69","$50,000-$74,999","College","Work for Company","Yes","Yes and everywhere"
"377","Female"," 30-39","$50,000-$74,999","College","Work for Company","Yes","Yes but only some parts"
"378","Female","20-29","$75,000-$99,999","College","Work for Company","No","Yes but only some parts"
"379","Female","20-29","$25,000-$49,999","Bachelor","Self-employment","Yes","Yes but only some parts"
"380","Female","above 69","$50,000-$74,999","College","Work for Company","Refuse","No"
"381","Female","60-69","$50,000-$74,999","College","Work for Company","Yes","Yes and everywhere"
"382","Female","60-69","$50,000-$74,999","Bachelor","Self-employment","No","Yes but only some parts"
"383","Female","0-19","$25,000-$49,999","College","Work for Company","Refuse","No"
"384","Female","40-49","$50,000-$74,999","High School","Students","No","Yes but only some parts"
"385","Female","50-59","$50,000-$74,999","Bachelor","Self-employment","Yes","Yes and everywhere"
"386","Female","60-69","$50,000-$74,999","Graduate","Others","Yes","Yes and everywhere"
"387","Female","40-49","$50,000-$74,999","Bachelor","Self-employment","Yes","Yes and everywhere"
"388","Female","0-19","$50,000-$74,999","College","Work for Company","Refuse","No"
"389","Female","20-29","$50,000-$74,999","High School","Students","Yes","Yes and everywhere"
"390","Female","above 69","$25,000-$49,999","College","Work for Company","Yes","Yes and everywhere"
"391","Female","50-59","$50,000-$74,999","Bachelor","Self-employment","Refuse","No"
"392","Female","60-69","$50,000-$74,999","College","Work for Company","Yes","Yes but only some parts"
"393","Female","50-59","$50,000-$74,999","College","Work for Company","Refuse","No"
"394","Female","50-59","$25,000-$49,999","College","Work for Company","Yes","Yes and everywhere"
"395","Female","50-59","$50,000-$74,999","Bachelor","Self-employment","No","No"
"396","Female"," 30-39","$50,000-$74,999","Less than HS","Students","Yes","Yes and everywhere"
"397","Female","40-49","$50,000-$74,999","College","Work for Company","No","No"
"398","Female","above 69","$50,000-$74,999","High School","Students","Yes","Yes but only some parts"
"399","Female","20-29","$50,000-$74,999","High School","Students","Refuse","No"
"400","Female","above 69","$50,000-$74,999","College","Work for Company","Yes","Yes and everywhere"
"401","Female","above 69","$50,000-$74,999","Less than HS","Students","No","No"
"402","Female","0-19","$50,000-$74,999","Bachelor","Self-employment","Yes","Yes and everywhere"
"403","Female","20-29","$75,000-$99,999","Bachelor","Others","Yes","Yes and everywhere"
"404","Female","50-59","$50,000-$74,999","Graduate","Others","No","No"
"405","Female","40-49","$50,000-$74,999","College","Work for Company","Yes","Yes but only some parts"
"406","Female","20-29","$75,000-$99,999","Bachelor","Others","Yes","Yes but only some parts"
"407","Female","20-29","$50,000-$74,999","Bachelor","Self-employment","No","Yes but only some parts"
"408","Female"," 30-39","$50,000-$74,999","Graduate","Others","No","Yes but only some parts"
"409","Female","50-59","$25,000-$49,999","College","Work for Company","Yes","Yes and everywhere"
"410","Female","60-69","$50,000-$74,999","Graduate","Others","Yes","Yes but only some parts"
"411","Female","0-19","$25,000-$49,999","Less than HS","Students","No","No"
"412","Female"," 30-39","$50,000-$74,999","College","Work for Company","Yes","Yes and everywhere"
"413","Female","above 69","$50,000-$74,999","College","Work for Company","Yes","Yes and everywhere"
"414","Female","40-49","$50,000-$74,999","College","Work for Company","No","Yes but only some parts"
"415","Female","0-19","$50,000-$74,999","Bachelor","Others","Refuse","No"
"416","Female","0-19","$25,000-$49,999","Bachelor","Others","Yes","Yes and everywhere"
"417","Female","above 69","$75,000-$99,999","College","Work for Company","No","Yes but only some parts"
"418","Female","above 69","$50,000-$74,999","College","Work for Company","No","No"
"419","Female","0-19","$50,000-$74,999","College","Work for Company","No","No"
"420","Female","0-19","$50,000-$74,999","Bachelor","Self-employment","Yes","Yes and everywhere"
"421","Female","20-29","$50,000-$74,999","College","Students","No","No"
"422","Female","40-49","$50,000-$74,999","College","Work for Company","No","No"
"423","Female"," 30-39","$25,000-$49,999","High School","Students","No","No"
"424","Female","40-49","$50,000-$74,999","College","Work for Company","No","No"
"425","Female"," 30-39","$50,000-$74,999","Less than HS","Students","No","Yes but only some parts"
"426","Female","0-19","$25,000-$49,999","Bachelor","Others","Yes","Yes but only some parts"
"427","Female","above 69","$50,000-$74,999","Graduate","Others","No","No"
"428","Female","40-49","$75,000-$99,999","College","Students","No","Yes but only some parts"
"429","Female","60-69","$50,000-$74,999","College","Work for Company","Yes","Yes but only some parts"
"430","Female","60-69","$50,000-$74,999","Bachelor","Self-employment","No","No"
"431","Female","0-19","$50,000-$74,999","Bachelor","Self-employment","Yes","Yes but only some parts"
"432","Female","60-69","$50,000-$74,999","High School","Students","Refuse","No"
"433","Female","above 69","$50,000-$74,999","College","Work for Company","Yes","Yes but only some parts"
"434","Female","0-19","$50,000-$74,999","Graduate","Others","No","No"
"435","Female","0-19","$50,000-$74,999","High School","Students","Yes","Yes and everywhere"
"436","Female"," 30-39","$50,000-$74,999","Graduate","Others","No","No"
"437","Female","60-69","$50,000-$74,999","Bachelor","Self-employment","Refuse","No"
"438","Female","50-59","$50,000-$74,999","College","Students","Yes","Yes but only some parts"
"439","Female","60-69","$75,000-$99,999","Bachelor","Self-employment","Yes","Yes and everywhere"
"440","Female","0-19","$75,000-$99,999","College","Work for Company","Yes","Yes but only some parts"
"441","Female","20-29","$50,000-$74,999","Less than HS","Students","No","No"
"442","Female","0-19","$50,000-$74,999","College","Work for Company","No","No"
"443","Female","40-49","$25,000-$49,999","Less than HS","Students","No","No"
"444","Female","40-49","$50,000-$74,999","College","Work for Company","Yes","Yes and everywhere"
"445","Female","above 69","$50,000-$74,999","College","Work for Company","No","Yes but only some parts"
"446","Female","above 69","$50,000-$74,999","Graduate","Others","No","Yes but only some parts"
"447","Female","50-59","$50,000-$74,999","Bachelor","Self-employment","Yes","Yes but only some parts"
"448","Female"," 30-39","$50,000-$74,999","High School","Students","No","Yes but only some parts"
"449","Female","60-69","$75,000-$99,999","Bachelor","Others","Yes","Yes and everywhere"
"450","Female","above 69","$50,000-$74,999","College","Work for Company","Yes","Yes but only some parts"
"451","Female","50-59","$50,000-$74,999","High School","Students","Refuse","No"
"452","Female","0-19","$75,000-$99,999","Graduate","Others","No","Yes but only some parts"
"453","Female","60-69","$50,000-$74,999","College","Work for Company","Refuse","No"
"454","Female","50-59","$50,000-$74,999","High School","Students","Yes","Yes but only some parts"
"455","Female"," 30-39","$25,000-$49,999","College","Work for Company","Yes","Yes and everywhere"
"456","Female","0-19","$50,000-$74,999","College","Work for Company","Yes","Yes and everywhere"
"457","Female","50-59","$50,000-$74,999","College","Work for Company","No","Yes but only some parts"
"458","Female","60-69","$75,000-$99,999","College","Work for Company","No","Yes but only some parts"
"459","Female"," 30-39","$50,000-$74,999","Less than HS","Students","Yes","Yes and everywhere"
"460","Female","above 69","$50,000-$74,999","Bachelor","Self-employment","Yes","Yes but only some parts"
"461","Female","0-19","$50,000-$74,999","College","Work for Company","No","Yes but only some parts"
"462","Female","60-69","$50,000-$74,999","Bachelor","Self-employment","No","Yes but only some parts"
"463","Female","0-19","$50,000-$74,999","High School","Students","Yes","Yes but only some parts"
"464","Female","20-29","$50,000-$74,999","Bachelor","Self-employment","Yes","Yes and everywhere"
"465","Female","40-49","$50,000-$74,999","College","Work for Company","Yes","Yes but only some parts"
"466","Female","above 69","$75,000-$99,999","College","Work for Company","Yes","Yes and everywhere"
"467","Female","50-59","$50,000-$74,999","High School","Students","No","No"
"468","Female","50-59","$50,000-$74,999","College","Work for Company","No","No"
"469","Female","0-19","$75,000-$99,999","Graduate","Others","No","Yes but only some parts"
"470","Female","above 69","$50,000-$74,999","Bachelor","Self-employment","No","No"
"471","Female","60-69","$50,000-$74,999","High School","Students","No","No"
"472","Female","20-29","$25,000-$49,999","Graduate","Others","Yes","Yes but only some parts"
"473","Female","40-49","$75,000-$99,999","Bachelor","Self-employment","No","No"
"474","Female"," 30-39","$50,000-$74,999","Bachelor","Self-employment","No","Yes but only some parts"
"475","Female","40-49","$75,000-$99,999","Less than HS","Students","No","Yes but only some parts"
"476","Female","50-59","$50,000-$74,999","High School","Students","Yes","Yes and everywhere"
"477","Female","0-19","$50,000-$74,999","Less than HS","Students","No","No"
"478","Female","0-19","$50,000-$74,999","College","Work for Company","Yes","Yes and everywhere"
"479","Female","above 69","$50,000-$74,999","College","Students","No","No"
"480","Female","0-19","$50,000-$74,999","College","Work for Company","Yes","Yes but only some parts"
"481","Female","0-19","$50,000-$74,999","High School","Students","No","Yes but only some parts"
"482","Female"," 30-39","$75,000-$99,999","Bachelor","Self-employment","Yes","Yes but only some parts"
"483","Female","60-69","$50,000-$74,999","College","Work for Company","Yes","Yes but only some parts"
"484","Female"," 30-39","$25,000-$49,999","Bachelor","Self-employment","No","No"
"485","Female","0-19","$50,000-$74,999","High School","Students","Yes","Yes and everywhere"
"486","Female","60-69","$50,000-$74,999","High School","Students","Yes","Yes and everywhere"
"487","Female","20-29","$75,000-$99,999","College","Work for Company","Yes","Yes and everywhere"
"488","Female","60-69","$50,000-$74,999","Bachelor","Self-employment","Yes","Yes and everywhere"
"489","Female"," 30-39","$50,000-$74,999","Bachelor","Self-employment","No","No"
"490","Female"," 30-39","$50,000-$74,999","Bachelor","Self-employment","Refuse","No"
"491","Male","0-19","$50,000-$74,999","College","Work for Company","Yes","Yes and everywhere"
"492","Male","50-59","$50,000-$74,999","High School","Students","No","No"
"493","Male","40-49","$50,000-$74,999","College","Work for Company","Yes","Yes and everywhere"
"494","Male","above 69","$50,000-$74,999","Bachelor","Self-employment","No","No"
"495","Male","above 69","$50,000-$74,999","High School","Students","No","No"
"496","Male","60-69","$50,000-$74,999","Bachelor","Work for Company","No","No"
"497","Male"," 30-39","$50,000-$74,999","Bachelor","Self-employment","Yes","Yes but only some parts"
"498","Male","above 69","$50,000-$74,999","Bachelor","Self-employment","Yes","Yes and everywhere"
"499","Male","50-59","$50,000-$74,999","Bachelor","Self-employment","No","No"
"500","Male","50-59","$50,000-$74,999","Graduate","Others","Yes","Yes and everywhere"
"501","Male","above 69","$50,000-$74,999","College","Work for Company","Yes","Yes and everywhere"
"502","Male"," 30-39","$50,000-$74,999","Graduate","Others","Yes","Yes and everywhere"
"503","Male","0-19","$50,000-$74,999","High School","Students","Yes","Yes but only some parts"
"504","Male","50-59","$50,000-$74,999","High School","Students","No","Yes but only some parts"
"505","Male","0-19","$50,000-$74,999","College","Work for Company","Yes","Yes and everywhere"
"506","Male","50-59","$50,000-$74,999","Bachelor","Self-employment","Yes","Yes and everywhere"
"507","Male","above 69","$25,000-$49,999","Bachelor","Self-employment","Yes","Yes and everywhere"
"508","Male","50-59","$50,000-$74,999","College","Work for Company","Yes","Yes and everywhere"
"509","Male","50-59","$75,000-$99,999","College","Work for Company","No","Yes but only some parts"
"510","Male"," 30-39","$25,000-$49,999","High School","Students","Yes","Yes but only some parts"
"511","Male","50-59","$25,000-$49,999","College","Work for Company","No","No"
"512","Male","60-69","$50,000-$74,999","College","Work for Company","No","No"
"513","Male","20-29","$50,000-$74,999","Bachelor","Self-employment","Yes","Yes but only some parts"
"514","Male"," 30-39","$50,000-$74,999","College","Work for Company","Refuse","No"
"515","Male","0-19","$25,000-$49,999","College","Work for Company","Yes","Yes but only some parts"
"516","Male","above 69","$50,000-$74,999","Bachelor","Self-employment","No","Yes but only some parts"
"517","Male","50-59","$50,000-$74,999","College","Work for Company","Refuse","No"
"518","Male","50-59","$50,000-$74,999","Bachelor","Self-employment","Yes","Yes but only some parts"
"519","Male"," 30-39","$50,000-$74,999","High School","Students","Yes","Yes and everywhere"
"520","Male","40-49","$50,000-$74,999","Bachelor","Self-employment","No","Yes but only some parts"
"521","Male"," 30-39","$50,000-$74,999","College","Work for Company","Yes","Yes and everywhere"
"522","Male"," 30-39","$75,000-$99,999","High School","Students","No","Yes but only some parts"
"523","Male","60-69","$50,000-$74,999","College","Work for Company","Yes","Yes and everywhere"
"524","Male","0-19","$25,000-$49,999","Bachelor","Self-employment","Yes","Yes and everywhere"
"525","Male"," 30-39","$50,000-$74,999","High School","Students","Yes","Yes but only some parts"
"526","Male","50-59","$50,000-$74,999","College","Work for Company","Yes","Yes but only some parts"
"527","Male","above 69","$50,000-$74,999","College","Work for Company","No","Yes but only some parts"
"528","Male","0-19","$50,000-$74,999","High School","Students","No","Yes but only some parts"
"529","Male"," 30-39","$50,000-$74,999","Graduate","Others","Yes","Yes and everywhere"
"530","Male","above 69","$75,000-$99,999","Bachelor","Self-employment","Refuse","No"
"531","Male"," 30-39","$50,000-$74,999","College","Work for Company","No","No"
"532","Male","0-19","$50,000-$74,999","Bachelor","Self-employment","Yes","Yes and everywhere"
"533","Male","50-59","$50,000-$74,999","High School","Students","Yes","Yes but only some parts"
"534","Male"," 30-39","$25,000-$49,999","College","Work for Company","No","No"
"535","Male"," 30-39","$75,000-$99,999","College","Work for Company","Yes","Yes but only some parts"
"536","Male","60-69","$25,000-$49,999","College","Work for Company","Yes","Yes and everywhere"
"537","Male"," 30-39","$75,000-$99,999","College","Work for Company","Yes","Yes and everywhere"
"538","Male","50-59","$75,000-$99,999","College","Students","Refuse","No"
"539","Male","above 69","$50,000-$74,999","High School","Students","Yes","Yes but only some parts"
"540","Male","40-49","$25,000-$49,999","High School","Students","Yes","Yes and everywhere"
"541","Male","20-29","$75,000-$99,999","College","Work for Company","No","Yes but only some parts"
"542","Male","0-19","$50,000-$74,999","College","Work for Company","Yes","Yes and everywhere"
"543","Male"," 30-39","$50,000-$74,999","College","Students","No","No"
"544","Male","above 69","$50,000-$74,999","High School","Students","Yes","Yes and everywhere"
"545","Male","40-49","$25,000-$49,999","Bachelor","Self-employment","Yes","Yes but only some parts"
"546","Male","50-59","$75,000-$99,999","Bachelor","Self-employment","No","No"
"547","Male","60-69","$25,000-$49,999","Graduate","Others","Refuse","No"
"548","Male","40-49","$50,000-$74,999","Graduate","Others","Yes","Yes and everywhere"
"549","Male","50-59","$50,000-$74,999","College","Work for Company","No","No"
"550","Male"," 30-39","$50,000-$74,999","College","Work for Company","Yes","Yes but only some parts"
"551","Male","50-59","$50,000-$74,999","Graduate","Others","Refuse","No"
"552","Male","above 69","$50,000-$74,999","Graduate","Others","Yes","Yes and everywhere"
"553","Male","0-19","$50,000-$74,999","College","Work for Company","Yes","Yes and everywhere"
"554","Male"," 30-39","$50,000-$74,999","High School","Students","No","Yes but only some parts"
"555","Male","0-19","$25,000-$49,999","College","Work for Company","Yes","Yes but only some parts"
"556","Male","50-59","$50,000-$74,999","High School","Students","Yes","Yes and everywhere"
"557","Male","50-59","$75,000-$99,999","College","Work for Company","Yes","Yes and everywhere"
"558","Male","above 69","$50,000-$74,999","Bachelor","Self-employment","Yes","Yes and everywhere"
"559","Male","50-59","$75,000-$99,999","Bachelor","Self-employment","Yes","Yes but only some parts"
"560","Male","20-29","$50,000-$74,999","High School","Students","Yes","Yes and everywhere"
"561","Male","60-69","$50,000-$74,999","High School","Students","No","Yes but only some parts"
"562","Male","above 69","$75,000-$99,999","Graduate","Others","Yes","Yes but only some parts"
"563","Male","20-29","$50,000-$74,999","Bachelor","Self-employment","No","Yes but only some parts"
"564","Male","0-19","$25,000-$49,999","Bachelor","Others","No","Yes but only some parts"
"565","Male","20-29","$75,000-$99,999","College","Work for Company","No","Yes but only some parts"
"566","Male"," 30-39","$50,000-$74,999","Bachelor","Self-employment","Yes","Yes and everywhere"
"567","Male","50-59","$50,000-$74,999","College","Work for Company","Yes","Yes and everywhere"
"568","Male","40-49","$75,000-$99,999","College","Work for Company","No","No"
"569","Male","60-69","$50,000-$74,999","College","Work for Company","Yes","Yes but only some parts"
"570","Male","40-49","$50,000-$74,999","Bachelor","Self-employment","No","No"
"571","Male","50-59","$25,000-$49,999","High School","Students","Refuse","No"
"572","Male"," 30-39","$50,000-$74,999","Bachelor","Self-employment","Yes","Yes but only some parts"
"573","Male"," 30-39","$75,000-$99,999","Bachelor","Self-employment","No","No"
"574","Male","above 69","$50,000-$74,999","High School","Students","Refuse","No"
"575","Male","20-29","$50,000-$74,999","College","Work for Company","Yes","Yes and everywhere"
"576","Male","above 69","$50,000-$74,999","Bachelor","Self-employment","Yes","Yes and everywhere"
"577","Male","40-49","$25,000-$49,999","Graduate","Others","No","No"
"578","Male"," 30-39","$50,000-$74,999","Bachelor","Self-employment","Refuse","No"
"579","Male","0-19","$50,000-$74,999","Bachelor","Self-employment","No","No"
"580","Male","40-49","$50,000-$74,999","College","Work for Company","Yes","Yes but only some parts"
"581","Male","20-29","$75,000-$99,999","Bachelor","Self-employment","No","Yes but only some parts"
"582","Male","60-69","$75,000-$99,999","College","Students","No","Yes but only some parts"
"583","Male","20-29","$25,000-$49,999","College","Work for Company","Yes","Yes and everywhere"
"584","Male","above 69","$50,000-$74,999","Graduate","Others","No","Yes but only some parts"
"585","Male","40-49","$25,000-$49,999","College","Work for Company","No","No"
"586","Male"," 30-39","$50,000-$74,999","College","Work for Company","No","Yes but only some parts"
"587","Male","0-19","$50,000-$74,999","Bachelor","Others","Yes","Yes but only some parts"
"588","Male","50-59","$25,000-$49,999","College","Work for Company","Yes","Yes and everywhere"
"589","Male","40-49","$50,000-$74,999","College","Work for Company","Yes","Yes and everywhere"
"590","Male","0-19","$50,000-$74,999","Bachelor","Self-employment","Yes","Yes but only some parts"
"591","Male","20-29","$50,000-$74,999","High School","Students","Yes","Yes and everywhere"
"592","Male","above 69","$50,000-$74,999","Bachelor","Self-employment","No","No"
"593","Male","20-29","$50,000-$74,999","Bachelor","Self-employment","No","No"
"594","Male","40-49","$50,000-$74,999","Bachelor","Self-employment","Yes","Yes but only some parts"
"595","Male","40-49","$50,000-$74,999","Bachelor","Self-employment","Yes","Yes and everywhere"
"596","Male","20-29","$50,000-$74,999","Bachelor","Self-employment","Yes","Yes and everywhere"
"597","Male"," 30-39","$50,000-$74,999","High School","Students","Refuse","No"
"598","Male","0-19","$50,000-$74,999","College","Work for Company","Refuse","No"
"599","Male","above 69","$50,000-$74,999","Less than HS","Students","No","Yes but only some parts"
"600","Male","40-49","$50,000-$74,999","Bachelor","Self-employment","Yes","Yes but only some parts"
"601","Male","40-49","$50,000-$74,999","High School","Students","Yes","Yes and everywhere"
"602","Male","20-29","$25,000-$49,999","High School","Students","Refuse","No"
"603","Male","60-69","$50,000-$74,999","Bachelor","Self-employment","Yes","Yes and everywhere"
"604","Male","above 69","$50,000-$74,999","College","Work for Company","No","Yes but only some parts"
"605","Male"," 30-39","$50,000-$74,999","College","Students","No","Yes but only some parts"
"606","Male"," 30-39","$50,000-$74,999","Less than HS","Students","No","No"
"607","Male"," 30-39","$50,000-$74,999","College","Work for Company","Yes","Yes and everywhere"
"608","Male","50-59","$50,000-$74,999","College","Work for Company","No","No"
"609","Male","0-19","$25,000-$49,999","Graduate","Others","Yes","Yes and everywhere"
"610","Male","40-49","$50,000-$74,999","Bachelor","Self-employment","Yes","Yes but only some parts"
"611","Male","20-29","$75,000-$99,999","College","Work for Company","Yes","Yes and everywhere"
"612","Male","60-69","$50,000-$74,999","Bachelor","Self-employment","Yes","Yes but only some parts"
"613","Male","60-69","$75,000-$99,999","Bachelor","Self-employment","No","No"
"614","Male"," 30-39","$50,000-$74,999","College","Work for Company","Yes","Yes and everywhere"
"615","Male","60-69","$75,000-$99,999","Graduate","Others","Yes","Yes but only some parts"
"616","Male","60-69","$50,000-$74,999","College","Work for Company","Yes","Yes and everywhere"
"617","Male","0-19","$75,000-$99,999","College","Work for Company","Yes","Yes and everywhere"
"618","Male","60-69","$25,000-$49,999","Bachelor","Self-employment","Refuse","No"
"619","Male","0-19","$50,000-$74,999","Bachelor","Self-employment","No","Yes but only some parts"
"620","Male","40-49","$50,000-$74,999","High School","Students","Yes","Yes but only some parts"
"621","Male","20-29","$50,000-$74,999","College","Work for Company","Refuse","No"
"622","Male","40-49","$50,000-$74,999","Bachelor","Self-employment","Yes","Yes and everywhere"
"623","Male","above 69","$50,000-$74,999","Bachelor","Self-employment","No","Yes but only some parts"
"624","Male"," 30-39","$50,000-$74,999","High School","Students","No","Yes but only some parts"
"625","Male","0-19","$50,000-$74,999","College","Work for Company","Yes","Yes and everywhere"
"626","Male","50-59","$75,000-$99,999","College","Work for Company","No","Yes but only some parts"
"627","Male","50-59","$50,000-$74,999","Bachelor","Self-employment","Yes","Yes but only some parts"
"628","Male","above 69","$75,000-$99,999","College","Work for Company","No","Yes but only some parts"
"629","Male","60-69","$50,000-$74,999","Bachelor","Self-employment","Yes","Yes and everywhere"
"630","Male","40-49","$50,000-$74,999","Bachelor","Self-employment","Yes","Yes and everywhere"
"631","Male","40-49","$50,000-$74,999","Bachelor","Self-employment","Yes","Yes but only some parts"
"632","Male","0-19","$50,000-$74,999","Bachelor","Self-employment","No","No"
"633","Male"," 30-39","$50,000-$74,999","Bachelor","Self-employment","Yes","Yes and everywhere"
"634","Male","60-69","$50,000-$74,999","Bachelor","Others","No","Yes but only some parts"
"635","Male","60-69","$50,000-$74,999","Graduate","Others","No","No"
"636","Male","60-69","$75,000-$99,999","Less than HS","Students","Yes","Yes and everywhere"
"637","Male","50-59","$50,000-$74,999","Bachelor","Others","Yes","Yes and everywhere"
"638","Male"," 30-39","$25,000-$49,999","College","Work for Company","Refuse","No"
"639","Male"," 30-39","$50,000-$74,999","Bachelor","Self-employment","Yes","Yes and everywhere"
"640","Male"," 30-39","$50,000-$74,999","High School","Students","No","No"
"641","Male","0-19","$50,000-$74,999","College","Work for Company","No","No"
"642","Male","40-49","$75,000-$99,999","College","Students","Yes","Yes but only some parts"
"643","Male","20-29","$50,000-$74,999","Bachelor","Work for Company","No","No"
"644","Male","above 69","$75,000-$99,999","Bachelor","Self-employment","Yes","Yes and everywhere"
"645","Male","50-59","$50,000-$74,999","College","Work for Company","Refuse","No"
"646","Male","above 69","$50,000-$74,999","Graduate","Others","Yes","Yes and everywhere"
"647","Male","50-59","$75,000-$99,999","Bachelor","Self-employment","No","Yes but only some parts"
"648","Male"," 30-39","$50,000-$74,999","Bachelor","Others","Yes","Yes and everywhere"
"649","Male","60-69","$50,000-$74,999","College","Work for Company","No","Yes but only some parts"
"650","Male","40-49","$50,000-$74,999","Bachelor","Self-employment","Refuse","No"
"651","Male","60-69","$50,000-$74,999","College","Students","Yes","Yes and everywhere"
"652","Male","60-69","$50,000-$74,999","High School","Students","No","No"
"653","Male","20-29","$50,000-$74,999","Bachelor","Self-employment","No","No"
"654","Male","50-59","$50,000-$74,999","High School","Students","Yes","Yes and everywhere"
"655","Male"," 30-39","$50,000-$74,999","Bachelor","Self-employment","No","Yes but only some parts"
"656","Male","above 69","$25,000-$49,999","Graduate","Others","Yes","Yes and everywhere"
"657","Male","60-69","$50,000-$74,999","College","Work for Company","No","Yes but only some parts"
"658","Male","20-29","$25,000-$49,999","Graduate","Others","No","No"
"659","Male","20-29","$25,000-$49,999","College","Work for Company","Yes","Yes and everywhere"
"660","Male"," 30-39","$75,000-$99,999","Bachelor","Self-employment","Yes","Yes and everywhere"
"661","Male"," 30-39","$50,000-$74,999","Less than HS","Students","No","Yes but only some parts"
"662","Male","60-69","$50,000-$74,999","College","Work for Company","No","No"
"663","Male","40-49","$50,000-$74,999","College","Work for Company","No","Yes but only some parts"
"664","Male","above 69","$50,000-$74,999","Bachelor","Self-employment","No","Yes but only some parts"
"665","Male","0-19","$50,000-$74,999","Bachelor","Self-employment","No","No"
"666","Male","above 69","$50,000-$74,999","College","Work for Company","Yes","Yes but only some parts"
"667","Male","60-69","$50,000-$74,999","Bachelor","Others","Yes","Yes but only some parts"
"668","Male","20-29","$25,000-$49,999","Bachelor","Self-employment","Yes","Yes and everywhere"
"669","Male"," 30-39","$50,000-$74,999","High School","Students","Yes","Yes and everywhere"
"670","Male","above 69","$25,000-$49,999","High School","Students","No","No"
"671","Male"," 30-39","$25,000-$49,999","Bachelor","Self-employment","Yes","Yes but only some parts"
"672","Male","40-49","$50,000-$74,999","Bachelor","Self-employment","No","No"
"673","Male","0-19","$50,000-$74,999","College","Work for Company","Yes","Yes but only some parts"
"674","Male","40-49","$25,000-$49,999","Graduate","Others","Yes","Yes but only some parts"
"675","Male","60-69","$50,000-$74,999","College","Work for Company","Yes","Yes but only some parts"
"676","Male"," 30-39","$25,000-$49,999","Bachelor","Self-employment","Yes","Yes and everywhere"
"677","Male","0-19","$25,000-$49,999","High School","Students","No","Yes but only some parts"
"678","Male","above 69","$75,000-$99,999","Bachelor","Self-employment","Yes","Yes and everywhere"
"679","Male","20-29","$75,000-$99,999","College","Work for Company","No","No"
"680","Male","50-59","$75,000-$99,999","Less than HS","Students","Yes","Yes but only some parts"
"681","Male"," 30-39","$50,000-$74,999","Graduate","Others","Yes","Yes and everywhere"
"682","Male","above 69","$25,000-$49,999","College","Students","Yes","Yes and everywhere"
"683","Male","60-69","$75,000-$99,999","College","Work for Company","Yes","Yes but only some parts"
"684","Male","60-69","$50,000-$74,999","Bachelor","Self-employment","No","No"
"685","Male"," 30-39","$50,000-$74,999","College","Work for Company","Yes","Yes and everywhere"
"686","Male","60-69","$50,000-$74,999","Bachelor","Self-employment","No","Yes but only some parts"
"687","Male"," 30-39","$50,000-$74,999","College","Work for Company","Yes","Yes and everywhere"
"688","Male","20-29","$50,000-$74,999","Graduate","Others","Yes","Yes and everywhere"
"689","Male","40-49","$75,000-$99,999","Bachelor","Self-employment","Yes","Yes but only some parts"
"690","Male","above 69","$75,000-$99,999","Bachelor","Self-employment","Yes","Yes and everywhere"
"691","Male","40-49","$50,000-$74,999","Bachelor","Self-employment","Yes","Yes but only some parts"
"692","Male","50-59","$50,000-$74,999","High School","Students","Yes","Yes and everywhere"
"693","Male","60-69","$50,000-$74,999","Bachelor","Self-employment","Refuse","No"
"694","Male","40-49","$50,000-$74,999","College","Work for Company","No","No"
"695","Male","40-49","$50,000-$74,999","Bachelor","Others","No","No"
"696","Male","40-49","$50,000-$74,999","College","Work for Company","Yes","Yes but only some parts"
"697","Male","0-19","$50,000-$74,999","College","Work for Company","No","No"
"698","Male","above 69","$50,000-$74,999","High School","Students","Refuse","No"
"699","Male"," 30-39","$50,000-$74,999","College","Work for Company","No","No"
"700","Male","0-19","$75,000-$99,999","Bachelor","Self-employment","Yes","Yes but only some parts"
"701","Male","40-49","$25,000-$49,999","Bachelor","Self-employment","Yes","Yes but only some parts"
"702","Male","60-69","$50,000-$74,999","Graduate","Others","Yes","Yes and everywhere"
"703","Male","20-29","$50,000-$74,999","Less than HS","Students","No","Yes but only some parts"
"704","Male","above 69","$50,000-$74,999","College","Work for Company","Yes","Yes but only some parts"
"705","Male","20-29","$25,000-$49,999","College","Work for Company","Yes","Yes but only some parts"
"706","Male","60-69","$50,000-$74,999","College","Students","No","Yes but only some parts"
"707","Male","20-29","$25,000-$49,999","Graduate","Others","No","No"
"708","Male","40-49","$50,000-$74,999","College","Work for Company","Yes","Yes and everywhere"
"709","Male","20-29","$50,000-$74,999","Bachelor","Self-employment","No","No"
"710","Male"," 30-39","$50,000-$74,999","College","Work for Company","Yes","Yes and everywhere"
"711","Male","above 69","$50,000-$74,999","College","Work for Company","Yes","Yes and everywhere"
"712","Male","above 69","$50,000-$74,999","High School","Students","Yes","Yes and everywhere"
"713","Male","40-49","$50,000-$74,999","High School","Students","No","No"
"714","Male","40-49","$50,000-$74,999","Bachelor","Self-employment","Yes","Yes and everywhere"
"715","Male","0-19","$50,000-$74,999","College","Work for Company","Refuse","No"
"716","Male","0-19","$25,000-$49,999","Bachelor","Self-employment","Refuse","No"
"717","Male","20-29","$50,000-$74,999","College","Work for Company","No","No"
"718","Male"," 30-39","$50,000-$74,999","Bachelor","Work for Company","No","Yes but only some parts"
"719","Male","20-29","$50,000-$74,999","College","Work for Company","Yes","Yes but only some parts"
"720","Male","40-49","$75,000-$99,999","College","Work for Company","Yes","Yes and everywhere"
"721","Male","0-19","$25,000-$49,999","Less than HS","Students","No","No"
"722","Male","50-59","$50,000-$74,999","Less than HS","Students","No","No"
"723","Male","60-69","$50,000-$74,999","College","Work for Company","Yes","Yes and everywhere"
"724","Male","50-59","$50,000-$74,999","College","Work for Company","Yes","Yes and everywhere"
"725","Male","0-19","$50,000-$74,999","Bachelor","Self-employment","Yes","Yes and everywhere"
"726","Male","50-59","$50,000-$74,999","College","Work for Company","Yes","Yes and everywhere"
"727","Male","0-19","$50,000-$74,999","Bachelor","Others","Refuse","No"
"728","Male","60-69","$50,000-$74,999","Graduate","Others","Refuse","No"
"729","Male","60-69","$75,000-$99,999","High School","Students","Yes","Yes but only some parts"
"730","Male","60-69","$75,000-$99,999","Graduate","Others","Refuse","No"
"731","Male","50-59","$50,000-$74,999","High School","Students","Yes","Yes but only some parts"
"732","Male","50-59","$25,000-$49,999","College","Work for Company","No","Yes but only some parts"
"733","Male","40-49","$75,000-$99,999","High School","Students","No","Yes but only some parts"
"734","Male","60-69","$75,000-$99,999","Graduate","Others","Yes","Yes but only some parts"
"735","Male","above 69","$50,000-$74,999","Bachelor","Self-employment","No","Yes but only some parts"
"736","Male","above 69","$50,000-$74,999","College","Work for Company","No","No"
"737","Male","40-49","$25,000-$49,999","High School","Students","Yes","Yes but only some parts"
"738","Male","60-69","$75,000-$99,999","Bachelor","Self-employment","Yes","Yes but only some parts"
"739","Male","20-29","$50,000-$74,999","Bachelor","Self-employment","No","No"
"740","Male"," 30-39","$75,000-$99,999","Graduate","Others","No","No"
"741","Male","60-69","$50,000-$74,999","College","Work for Company","Yes","Yes and everywhere"
"742","Male","0-19","$25,000-$49,999","College","Work for Company","Yes","Yes and everywhere"
"743","Male","20-29","$50,000-$74,999","High School","Students","Yes","Yes but only some parts"
"744","Male","60-69","$50,000-$74,999","Bachelor","Self-employment","Yes","Yes and everywhere"
"745","Male","40-49","$50,000-$74,999","Bachelor","Self-employment","No","No"
"746","Male","40-49","$50,000-$74,999","Bachelor","Self-employment","Yes","Yes but only some parts"
"747","Male"," 30-39","$50,000-$74,999","College","Work for Company","Refuse","No"
"748","Male","20-29","$25,000-$49,999","Graduate","Others","Yes","Yes and everywhere"
"749","Male","20-29","$25,000-$49,999","Bachelor","Self-employment","No","Yes but only some parts"
"750","Male","50-59","$50,000-$74,999","College","Work for Company","Yes","Yes but only some parts"
"751","Male","0-19","$50,000-$74,999","College","Work for Company","Yes","Yes and everywhere"
"752","Male"," 30-39","$50,000-$74,999","Bachelor","Others","No","Yes but only some parts"
"753","Male","above 69","$50,000-$74,999","Less than HS","Students","Yes","Yes but only some parts"
"754","Male","40-49","$50,000-$74,999","High School","Students","No","Yes but only some parts"
"755","Male","50-59","$75,000-$99,999","High School","Students","Yes","Yes and everywhere"
"756","Male"," 30-39","$50,000-$74,999","College","Work for Company","No","Yes but only some parts"
"757","Male","40-49","$50,000-$74,999","Bachelor","Others","No","No"
"758","Male","40-49","$50,000-$74,999","Graduate","Others","Yes","Yes but only some parts"
"759","Male","40-49","$50,000-$74,999","College","Work for Company","No","Yes but only some parts"
"760","Male"," 30-39","$75,000-$99,999","Bachelor","Self-employment","Yes","Yes and everywhere"
"761","Male","above 69","$50,000-$74,999","Less than HS","Students","No","Yes but only some parts"
"762","Male","50-59","$50,000-$74,999","College","Work for Company","Refuse","No"
"763","Male","20-29","$50,000-$74,999","College","Work for Company","Yes","Yes but only some parts"
"764","Male","20-29","$25,000-$49,999","Less than HS","Students","No","No"
"765","Male","60-69","$25,000-$49,999","College","Work for Company","Yes","Yes and everywhere"
"766","Male","50-59","$50,000-$74,999","College","Work for Company","Yes","Yes but only some parts"
"767","Male","40-49","$50,000-$74,999","High School","Students","Refuse","No"
"768","Male","20-29","$50,000-$74,999","High School","Students","Refuse","No"
"769","Male","above 69","$50,000-$74,999","Graduate","Others","No","Yes but only some parts"
"770","Male","40-49","$50,000-$74,999","College","Work for Company","No","Yes but only some parts"
"771","Male"," 30-39","$50,000-$74,999","College","Work for Company","No","No"
"772","Male","60-69","$50,000-$74,999","College","Work for Company","Yes","Yes but only some parts"
"773","Male","40-49","$25,000-$49,999","Bachelor","Self-employment","No","No"
"774","Male","50-59","$50,000-$74,999","College","Work for Company","Refuse","No"
"775","Male","above 69","$50,000-$74,999","Less than HS","Students","No","Yes but only some parts"
"776","Male","0-19","$50,000-$74,999","High School","Students","Yes","Yes and everywhere"
"777","Male","40-49","$50,000-$74,999","Less than HS","Students","No","Yes but only some parts"
"778","Male"," 30-39","$50,000-$74,999","Bachelor","Self-employment","Yes","Yes but only some parts"
"779","Male","0-19","$50,000-$74,999","Bachelor","Self-employment","Yes","Yes and everywhere"
"780","Male","50-59","$50,000-$74,999","College","Work for Company","Yes","Yes and everywhere"
"781","Male","50-59","$50,000-$74,999","Bachelor","Self-employment","Yes","Yes but only some parts"
"782","Male","0-19","$75,000-$99,999","College","Work for Company","No","No"
"783","Male","above 69","$50,000-$74,999","College","Work for Company","Yes","Yes and everywhere"
"784","Male"," 30-39","$75,000-$99,999","Graduate","Others","Yes","Yes and everywhere"
"785","Male","40-49","$50,000-$74,999","High School","Students","Yes","Yes and everywhere"
"786","Male","60-69","$50,000-$74,999","High School","Students","No","No"
"787","Male"," 30-39","$25,000-$49,999","Graduate","Others","Yes","Yes and everywhere"
"788","Male","60-69","$50,000-$74,999","High School","Students","Refuse","No"
"789","Male","40-49","$50,000-$74,999","Bachelor","Self-employment","Refuse","No"
"790","Male"," 30-39","$50,000-$74,999","Bachelor","Self-employment","No","No"
"791","Male","50-59","$75,000-$99,999","High School","Students","Yes","Yes and everywhere"
"792","Male"," 30-39","$50,000-$74,999","Graduate","Others","Yes","Yes but only some parts"
"793","Male","50-59","$50,000-$74,999","High School","Students","No","Yes but only some parts"
"794","Male","60-69","$50,000-$74,999","College","Work for Company","Yes","Yes and everywhere"
"795","Male","60-69","$50,000-$74,999","College","Work for Company","Yes","Yes but only some parts"
"796","Male","40-49","$25,000-$49,999","College","Work for Company","Yes","Yes but only some parts"
"797","Male","60-69","$50,000-$74,999","College","Work for Company","No","No"
"798","Male"," 30-39","$50,000-$74,999","Bachelor","Others","Yes","Yes and everywhere"
"799","Male"," 30-39","$25,000-$49,999","College","Work for Company","Yes","Yes and everywhere"
"800","Male"," 30-39","$50,000-$74,999","Bachelor","Self-employment","No","No"
"801","Male","60-69","$25,000-$49,999","Bachelor","Self-employment","No","No"
"802","Male","40-49","$50,000-$74,999","Bachelor","Self-employment","Yes","Yes but only some parts"
"803","Male"," 30-39","$50,000-$74,999","Bachelor","Self-employment","Yes","Yes and everywhere"
"804","Male","60-69","$50,000-$74,999","Graduate","Others","No","Yes but only some parts"
"805","Male","40-49","$25,000-$49,999","Graduate","Others","No","Yes but only some parts"
"806","Male","60-69","$50,000-$74,999","Graduate","Others","No","No"
"807","Male","60-69","$50,000-$74,999","Bachelor","Others","Yes","Yes but only some parts"
"808","Male","40-49","$50,000-$74,999","College","Work for Company","No","Yes but only some parts"
"809","Male","60-69","$50,000-$74,999","Graduate","Others","Yes","Yes and everywhere"
"810","Male","0-19","$50,000-$74,999","High School","Students","No","No"
"811","Male","above 69","$50,000-$74,999","College","Work for Company","Yes","Yes and everywhere"
"812","Male"," 30-39","$75,000-$99,999","Graduate","Others","Refuse","No"
"813","Male","above 69","$50,000-$74,999","Graduate","Others","Yes","Yes and everywhere"
"814","Male","50-59","$50,000-$74,999","Bachelor","Self-employment","Yes","Yes but only some parts"
"815","Male","60-69","$50,000-$74,999","College","Work for Company","No","Yes but only some parts"
"816","Male","0-19","$25,000-$49,999","Bachelor","Others","No","Yes but only some parts"
"817","Male"," 30-39","$50,000-$74,999","Less than HS","Students","Refuse","No"
"818","Male"," 30-39","$50,000-$74,999","College","Work for Company","Yes","Yes but only some parts"
"819","Male","0-19","$75,000-$99,999","High School","Students","Refuse","No"
"820","Male","60-69","$25,000-$49,999","Bachelor","Self-employment","Yes","Yes and everywhere"
"821","Male"," 30-39","$25,000-$49,999","College","Work for Company","Yes","Yes and everywhere"
"822","Male"," 30-39","$75,000-$99,999","Bachelor","Self-employment","Yes","Yes and everywhere"
"823","Male","60-69","$50,000-$74,999","Graduate","Others","No","Yes but only some parts"
"824","Male","40-49","$50,000-$74,999","Bachelor","Self-employment","No","No"
"825","Male"," 30-39","$50,000-$74,999","Less than HS","Students","No","No"
"826","Male","20-29","$25,000-$49,999","Bachelor","Self-employment","No","Yes but only some parts"
"827","Male","20-29","$50,000-$74,999","College","Work for Company","No","No"
"828","Male","50-59","$50,000-$74,999","Bachelor","Self-employment","Yes","Yes and everywhere"
"829","Male"," 30-39","$50,000-$74,999","Bachelor","Self-employment","Refuse","No"
"830","Male","50-59","$50,000-$74,999","College","Work for Company","Yes","Yes but only some parts"
"831","Male","60-69","$25,000-$49,999","Bachelor","Self-employment","Yes","Yes and everywhere"
"832","Male"," 30-39","$50,000-$74,999","Bachelor","Self-employment","Yes","Yes and everywhere"
"833","Male"," 30-39","$75,000-$99,999","College","Work for Company","Refuse","No"
"834","Male","above 69","$75,000-$99,999","College","Work for Company","No","No"
"835","Male","above 69","$75,000-$99,999","Graduate","Others","Yes","Yes and everywhere"
"836","Male","40-49","$75,000-$99,999","College","Work for Company","Yes","Yes and everywhere"
"837","Male","20-29","$50,000-$74,999","Bachelor","Work for Company","No","No"
"838","Male","0-19","$50,000-$74,999","Bachelor","Self-employment","Yes","Yes and everywhere"
"839","Male","40-49","$50,000-$74,999","College","Students","Yes","Yes but only some parts"
"840","Male","above 69","$25,000-$49,999","High School","Students","No","Yes but only some parts"
"841","Male","20-29","$50,000-$74,999","College","Work for Company","No","Yes but only some parts"
"842","Male","40-49","$25,000-$49,999","Graduate","Others","No","Yes but only some parts"
"843","Male","50-59","$50,000-$74,999","Graduate","Others","Yes","Yes and everywhere"
"844","Male","20-29","$50,000-$74,999","College","Work for Company","Yes","Yes and everywhere"
"845","Male","above 69","$50,000-$74,999","College","Students","Yes","Yes but only some parts"
"846","Male","40-49","$50,000-$74,999","High School","Students","No","Yes but only some parts"
"847","Male","40-49","$50,000-$74,999","Bachelor","Self-employment","Yes","Yes and everywhere"
"848","Male","0-19","$50,000-$74,999","Bachelor","Self-employment","No","Yes but only some parts"
"849","Male","50-59","$50,000-$74,999","High School","Students","Yes","Yes and everywhere"
"850","Male","above 69","$50,000-$74,999","Bachelor","Self-employment","Refuse","No"
"851","Male","50-59","$50,000-$74,999","Graduate","Others","Yes","Yes but only some parts"
"852","Male","40-49","$50,000-$74,999","College","Work for Company","Yes","Yes but only some parts"
"853","Male","50-59","$50,000-$74,999","Bachelor","Self-employment","Refuse","No"
"854","Male"," 30-39","$50,000-$74,999","Bachelor","Self-employment","Yes","Yes and everywhere"
"855","Male","above 69","$50,000-$74,999","College","Work for Company","Refuse","No"
"856","Male"," 30-39","$50,000-$74,999","Less than HS","Students","Yes","Yes and everywhere"
"857","Male","50-59","$50,000-$74,999","Bachelor","Self-employment","No","Yes but only some parts"
"858","Male","40-49","$50,000-$74,999","Graduate","Others","No","Yes but only some parts"
"859","Male","50-59","$50,000-$74,999","Bachelor","Self-employment","Yes","Yes but only some parts"
"860","Male"," 30-39","$50,000-$74,999","Bachelor","Others","Yes","Yes but only some parts"
"861","Male","40-49","$50,000-$74,999","College","Work for Company","Yes","Yes and everywhere"
"862","Male","20-29","$50,000-$74,999","High School","Students","Refuse","No"
"863","Male","above 69","$25,000-$49,999","Bachelor","Self-employment","Yes","Yes but only some parts"
"864","Male","40-49","$25,000-$49,999","College","Work for Company","Refuse","No"
"865","Male","60-69","$50,000-$74,999","High School","Students","No","Yes but only some parts"
"866","Male","40-49","$25,000-$49,999","College","Work for Company","Yes","Yes and everywhere"
"867","Male","60-69","$25,000-$49,999","Graduate","Others","No","Yes but only some parts"
"868","Male","60-69","$50,000-$74,999","Bachelor","Self-employment","No","Yes but only some parts"
"869","Male","60-69","$50,000-$74,999","Less than HS","Students","Yes","Yes and everywhere"
"870","Male","above 69","$25,000-$49,999","Bachelor","Self-employment","Yes","Yes and everywhere"
"871","Male","0-19","$50,000-$74,999","Bachelor","Self-employment","No","No"
"872","Male","above 69","$50,000-$74,999","Bachelor","Self-employment","Refuse","No"
"873","Male","20-29","$50,000-$74,999","Less than HS","Students","Refuse","No"
"874","Male"," 30-39","$50,000-$74,999","High School","Students","No","Yes but only some parts"
"875","Male","0-19","$50,000-$74,999","High School","Students","No","Yes but only some parts"
"876","Male"," 30-39","$50,000-$74,999","Less than HS","Students","Yes","Yes but only some parts"
"877","Male","above 69","$25,000-$49,999","Bachelor","Self-employment","Yes","Yes but only some parts"
"878","Male","0-19","$75,000-$99,999","College","Work for Company","No","Yes but only some parts"
"879","Male","50-59","$50,000-$74,999","Graduate","Others","No","Yes but only some parts"
"880","Male","above 69","$50,000-$74,999","College","Work for Company","No","Yes but only some parts"
"881","Male","20-29","$50,000-$74,999","Bachelor","Self-employment","Yes","Yes and everywhere"
"882","Male","0-19","$50,000-$74,999","Graduate","Others","Yes","Yes but only some parts"
"883","Male","20-29","$50,000-$74,999","High School","Students","Refuse","No"
"884","Male","40-49","$50,000-$74,999","Bachelor","Self-employment","No","No"
"885","Male","above 69","$50,000-$74,999","Bachelor","Self-employment","Yes","Yes but only some parts"
"886","Male","60-69","$50,000-$74,999","Bachelor","Self-employment","Yes","Yes and everywhere"
"887","Male"," 30-39","$50,000-$74,999","Bachelor","Self-employment","Yes","Yes and everywhere"
"888","Male","40-49","$50,000-$74,999","College","Work for Company","Yes","Yes and everywhere"
"889","Male","20-29","$50,000-$74,999","College","Work for Company","Yes","Yes but only some parts"
"890","Male","60-69","$50,000-$74,999","Bachelor","Self-employment","No","Yes but only some parts"
"891","Male","40-49","$50,000-$74,999","Graduate","Others","Yes","Yes and everywhere"
"892","Male"," 30-39","$50,000-$74,999","High School","Students","No","No"
"893","Male","0-19","$50,000-$74,999","Graduate","Others","No","Yes but only some parts"
"894","Male"," 30-39","$50,000-$74,999","College","Work for Company","Yes","Yes but only some parts"
"895","Male","0-19","$50,000-$74,999","College","Work for Company","No","Yes but only some parts"
"896","Male","60-69","$50,000-$74,999","Graduate","Others","Refuse","No"
"897","Male","60-69","$50,000-$74,999","College","Work for Company","Yes","Yes but only some parts"
"898","Male","60-69","$75,000-$99,999","College","Work for Company","Yes","Yes but only some parts"
"899","Male"," 30-39","$25,000-$49,999","High School","Students","No","Yes but only some parts"
"900","Male","0-19","$25,000-$49,999","Bachelor","Self-employment","Yes","Yes and everywhere"
"901","Male","40-49","$50,000-$74,999","High School","Students","No","Yes but only some parts"
"902","Male","20-29","$75,000-$99,999","Bachelor","Self-employment","No","No"
"903","Male"," 30-39","$50,000-$74,999","College","Work for Company","No","No"
"904","Male","above 69","$50,000-$74,999","High School","Students","Yes","Yes and everywhere"
"905","Male","above 69","$75,000-$99,999","Bachelor","Self-employment","Yes","Yes and everywhere"
"906","Male","40-49","$50,000-$74,999","College","Work for Company","No","No"
"907","Male","50-59","$50,000-$74,999","College","Work for Company","Yes","Yes and everywhere"
"908","Male"," 30-39","$75,000-$99,999","High School","Students","Yes","Yes and everywhere"
"909","Male","20-29","$50,000-$74,999","Bachelor","Self-employment","No","Yes but only some parts"
"910","Male","0-19","$25,000-$49,999","Graduate","Others","Yes","Yes and everywhere"
"911","Male","0-19","$50,000-$74,999","College","Work for Company","Yes","Yes and everywhere"
"912","Male","50-59","$25,000-$49,999","High School","Students","Refuse","No"
"913","Male","0-19","$50,000-$74,999","College","Work for Company","No","No"
"914","Male","above 69","$25,000-$49,999","Graduate","Others","Yes","Yes and everywhere"
"915","Male"," 30-39","$50,000-$74,999","College","Work for Company","No","No"
"916","Male","20-29","$50,000-$74,999","Bachelor","Self-employment","Yes","Yes but only some parts"
"917","Male","20-29","$50,000-$74,999","Less than HS","Students","Yes","Yes but only some parts"
"918","Male","above 69","$75,000-$99,999","College","Students","No","No"
"919","Male","0-19","$75,000-$99,999","High School","Students","Yes","Yes but only some parts"
"920","Male"," 30-39","$25,000-$49,999","College","Work for Company","Yes","Yes but only some parts"
"921","Male","0-19","$75,000-$99,999","College","Work for Company","Yes","Yes and everywhere"
"922","Male","40-49","$100,000-$149,999","Bachelor","Self-employment","Yes","Yes and everywhere"
"923","Male","above 69","$50,000-$74,999","College","Work for Company","Yes","Yes and everywhere"
"924","Male","0-19","$25,000-$49,999","College","Students","No","No"
"925","Male","50-59","$50,000-$74,999","Graduate","Others","Yes","Yes and everywhere"
"926","Male","60-69","$75,000-$99,999","College","Work for Company","No","Yes but only some parts"
"927","Male","above 69","$50,000-$74,999","Bachelor","Self-employment","Refuse","No"
"928","Male","above 69","$50,000-$74,999","College","Work for Company","No","No"
"929","Male","60-69","$75,000-$99,999","College","Work for Company","No","No"
"930","Male","0-19","$50,000-$74,999","Less than HS","Students","Refuse","No"
"931","Male","20-29","$50,000-$74,999","High School","Students","No","No"
"932","Male","40-49","$75,000-$99,999","Bachelor","Self-employment","Yes","Yes and everywhere"
"933","Male","20-29","$25,000-$49,999","Bachelor","Others","Refuse","No"
"934","Male","above 69","$50,000-$74,999","Bachelor","Self-employment","No","No"
"935","Male"," 30-39","$50,000-$74,999","Graduate","Others","Yes","Yes but only some parts"
"936","Male","50-59","$50,000-$74,999","Less than HS","Students","No","No"
"937","Male","above 69","$50,000-$74,999","College","Work for Company","No","Yes but only some parts"
"938","Male","20-29","$50,000-$74,999","College","Work for Company","No","No"
"939","Male","40-49","$50,000-$74,999","Bachelor","Self-employment","Yes","Yes but only some parts"
"940","Male","50-59","$50,000-$74,999","College","Work for Company","Yes","Yes and everywhere"
"941","Male","above 69","$50,000-$74,999","College","Students","Yes","Yes but only some parts"
"942","Male"," 30-39","$25,000-$49,999","High School","Students","Yes","Yes and everywhere"
"943","Male"," 30-39","$50,000-$74,999","College","Students","No","Yes but only some parts"
"944","Male","60-69","$50,000-$74,999","Graduate","Others","No","Yes but only some parts"
"945","Male","60-69","$50,000-$74,999","Bachelor","Self-employment","No","Yes but only some parts"
"946","Male","20-29","$50,000-$74,999","Bachelor","Self-employment","Yes","Yes but only some parts"
"947","Male","40-49","$50,000-$74,999","College","Work for Company","Refuse","No"
"948","Male","0-19","$50,000-$74,999","Bachelor","Self-employment","Refuse","No"
"949","Male","20-29","$25,000-$49,999","High School","Students","Yes","Yes and everywhere"
"950","Male","50-59","$50,000-$74,999","High School","Students","Yes","Yes but only some parts"
"951","Male","50-59","$50,000-$74,999","Bachelor","Others","Refuse","No"
"952","Male","40-49","$50,000-$74,999","High School","Students","Yes","Yes but only some parts"
"953","Male","40-49","$75,000-$99,999","Graduate","Others","Yes","Yes but only some parts"
"954","Male"," 30-39","$50,000-$74,999","Less than HS","Students","No","Yes but only some parts"
"955","Male","60-69","$50,000-$74,999","College","Work for Company","No","No"
"956","Male","0-19","$50,000-$74,999","High School","Students","Yes","Yes but only some parts"
"957","Male","60-69","$25,000-$49,999","Bachelor","Self-employment","Yes","Yes and everywhere"
"958","Male","40-49","$50,000-$74,999","Less than HS","Students","No","No"
"959","Male","0-19","$25,000-$49,999","Bachelor","Self-employment","No","Yes but only some parts"
"960","Male","60-69","$75,000-$99,999","Bachelor","Self-employment","No","Yes but only some parts"
"961","Male"," 30-39","$75,000-$99,999","Bachelor","Self-employment","Yes","Yes and everywhere"
"962","Male","50-59","$75,000-$99,999","College","Work for Company","Yes","Yes and everywhere"
"963","Male","50-59","$50,000-$74,999","Bachelor","Self-employment","No","Yes but only some parts"
"964","Male","20-29","$50,000-$74,999","College","Work for Company","Refuse","No"
"965","Male","50-59","$50,000-$74,999","College","Work for Company","Yes","Yes but only some parts"
"966","Male","50-59","$50,000-$74,999","Graduate","Others","Yes","Yes and everywhere"
"967","Male","0-19","$50,000-$74,999","Bachelor","Self-employment","Yes","Yes but only some parts"
"968","Male","50-59","$75,000-$99,999","High School","Students","Yes","Yes and everywhere"
"969","Male","20-29","$50,000-$74,999","Bachelor","Self-employment","No","Yes but only some parts"
"970","Male","40-49","$50,000-$74,999","Bachelor","Self-employment","Yes","Yes and everywhere"
"971","Male","40-49","$50,000-$74,999","High School","Students","Yes","Yes but only some parts"
"972","Male","60-69","$50,000-$74,999","Bachelor","Others","No","No"
"973","Male","above 69","$50,000-$74,999","College","Work for Company","No","Yes but only some parts"
"974","Male","40-49","$50,000-$74,999","College","Work for Company","Refuse","No"
"975","Male"," 30-39","$50,000-$74,999","College","Work for Company","Yes","Yes and everywhere"
"976","Male","60-69","$50,000-$74,999","College","Work for Company","No","No"
"977","Male","50-59","$50,000-$74,999","High School","Students","Yes","Yes and everywhere"
"978","Male","50-59","$50,000-$74,999","Bachelor","Self-employment","Yes","Yes but only some parts"
"979","Male","0-19","$50,000-$74,999","Bachelor","Self-employment","Yes","Yes but only some parts"
"980","Male","above 69","$50,000-$74,999","Bachelor","Self-employment","No","Yes but only some parts"
"981","Other","50-59","$50,000-$74,999","College","Work for Company","Yes","Yes but only some parts"
"982","Other","60-69","$75,000-$99,999","Bachelor","Self-employment","Yes","Yes but only some parts"
"983","Other","50-59","$50,000-$74,999","Bachelor","Self-employment","Yes","Yes and everywhere"
"984","Other","40-49","$50,000-$74,999","College","Work for Company","No","No"
"985","Other","above 69","$50,000-$74,999","College","Work for Company","Yes","Yes but only some parts"
"986","Other","above 69","$25,000-$49,999","College","Work for Company","No","Yes but only some parts"
"987","Other","20-29","$75,000-$99,999","College","Work for Company","No","No"
"988","Other","0-19","$50,000-$74,999","Bachelor","Self-employment","No","No"
"989","Other"," 30-39","$50,000-$74,999","High School","Students","No","Yes but only some parts"
"990","Other","60-69","$50,000-$74,999","Bachelor","Self-employment","No","Yes but only some parts"
"991","Refuse to answer","20-29","$50,000-$74,999","College","Work for Company","Yes","Yes but only some parts"
"992","Refuse to answer","50-59","$50,000-$74,999","College","Work for Company","Yes","Yes and everywhere"
"993","Refuse to answer","above 69","$50,000-$74,999","Less than HS","Students","Yes","Yes and everywhere"
"994","Refuse to answer","20-29","$50,000-$74,999","College","Work for Company","Yes","Yes but only some parts"
"995","Refuse to answer","60-69","$50,000-$74,999","High School","Students","No","Yes but only some parts"
"996","Refuse to answer","60-69","$25,000-$49,999","College","Work for Company","No","Yes but only some parts"
"997","Refuse to answer","0-19","$50,000-$74,999","College","Work for Company","Yes","Yes and everywhere"
"998","Refuse to answer","50-59","$75,000-$99,999","Less than HS","Students","Yes","Yes and everywhere"
"999","Refuse to answer","60-69","$50,000-$74,999","Bachelor","Self-employment","No","Yes but only some parts"
"1000","Refuse to answer","60-69","$50,000-$74,999","College","Work for Company","No","Yes but only some parts"
